position, company, location, URL
Senior Open Source Developer & DevOps (Python  Django  React  AWS/OpenStack),OpenCraft,Anywhere in the World,https://weworkremotely.com//remote-jobs/opencraft-senior-open-source-developer-devops-python-django-react-aws-openstack
Senior Full-stack Python Developer ,Lemon.io,Latin America Only/Europe Only/UK Only/Canada Only,https://weworkremotely.com//remote-jobs/lemon-io-senior-full-stack-python-developer
Typescript React Fullstack developer senior,CloudDevs,ğŸ’ƒ Latin America,https://remoteok.com//remote-jobs/remote-typescript-react-fullstack-developer-senior-clouddevs-340913
Senior Full stack React Developer,Lemon.io,ğŸ‡ªğŸ‡º Europe,https://remoteok.com//remote-jobs/remote-senior-full-stack-react-developer-lemon-io-410839
Full Stack Software Engineer,Rephonic,ğŸŒ Worldwide,https://remoteok.com//remote-jobs/remote-full-stack-software-engineer-rephonic-400410
Engineer Golang Python,FinCompare,ğŸŒ Probably worldwide,https://remoteok.com//remote-jobs/remote-engineer-golang-python-fincompare-183780
Senior DevOps Engineer,Twist Bioscience,ğŸ‡ºğŸ‡¸ United States,https://remoteok.com//remote-jobs/remote-senior-devops-engineer-twist-bioscience-167248
Senior Software Engineer Test Hybrid,SonicWall,ğŸ‡ºğŸ‡¸ United States,https://remoteok.com//remote-jobs/remote-senior-software-engineer-test-hybrid-sonicwall-166721
Penetration Tester,ScienceLogic,ğŸ‡ºğŸ‡¸ United States,https://remoteok.com//remote-jobs/remote-penetration-tester-sciencelogic-164585
Senior Site Reliability Expert,Lightspeed Commerce,ğŸ‡ºğŸ‡¸ United States,https://remoteok.com//remote-jobs/remote-senior-site-reliability-expert-lightspeed-commerce-163296
Online Technology Intern,PlayStation Global,ğŸŒ Probably worldwide,https://remoteok.com//remote-jobs/remote-online-technology-intern-playstation-global-157134
Technical Lead Data Pipeline GPU Python C+,Planet,ğŸ‡ºğŸ‡¸ United States,https://remoteok.com//remote-jobs/remote-technical-lead-data-pipeline-gpu-python-c-planet-156908
IT Manager,Civis Analytics,ğŸ‡ºğŸ‡¸ United States,https://remoteok.com//remote-jobs/remote-it-manager-civis-analytics-151380
Security Automation Engineer,KnowBe4,ğŸ‡ºğŸ‡¸ United States,https://remoteok.com//remote-jobs/remote-security-automation-engineer-knowbe4-149809
Principal Full Stack Developer,Tailorbird  Inc.,ğŸ‡®ğŸ‡³ India,https://remoteok.com//remote-jobs/remote-principal-full-stack-developer-tailorbird-inc-149437
Senior Staff Engineer,Nomad Health Corporate,ğŸ‡ºğŸ‡¸ United States,https://remoteok.com//remote-jobs/remote-senior-staff-engineer-nomad-health-corporate-147706
Senior Growth Engineer,Samsara,ğŸ‡ºğŸ‡¸ United States,https://remoteok.com//remote-jobs/remote-senior-growth-engineer-samsara-146150
Senior Business Intelligence Developer,Amwell,ğŸ‡ºğŸ‡¸ United States,https://remoteok.com//remote-jobs/remote-senior-business-intelligence-developer-amwell-145645
Senior Mechanical Engineer,Planet,ğŸ‡ºğŸ‡¸ United States,https://remoteok.com//remote-jobs/remote-senior-mechanical-engineer-planet-145643
Professional Services Solutions Architect,Planet,ğŸ‡ºğŸ‡¸ United States,https://remoteok.com//remote-jobs/remote-professional-services-solutions-architect-planet-144195
Senior Backend Engineer,Tradeblock,ğŸ‡ºğŸ‡¸ United States,https://remoteok.com//remote-jobs/remote-senior-backend-engineer-tradeblock-143784
Senior Security Engineer Platform Security,Discord,ğŸ‡ºğŸ‡¸ United States,https://remoteok.com//remote-jobs/remote-senior-security-engineer-platform-security-discord-142430
